Feature,Coefficient
Total_Traffic,1.7398977937512583
Violation_Rate,0.2422389694880567
Week,0.10676186474797478
Year,-0.0005850825094011677
Month,-0.4541652788401871
EZPass,-1.7344959026292721
Cash,-1.7943409469983176
