Feature,Importance
Violation_Rate,0.9376376
Total_Traffic,0.04100315
Year,0.007850631
Cash,0.006676705
EZPass,0.0054028383
Week,0.0014290551
Month,0.0
