Factor,Importance
Pct_Autos,0.21145848801474915
Pct_Buses,0.19952402184685455
Pct_LargeT,0.1919233806763763
Pct_SmallT,0.1489758958659435
Pct_Cash,0.08573481833027978
